--
-- PostgreSQL database dump
--

\restrict ITZi0eaL4EJg2mRlJAD1RrKW5Mvv10nlrkSNgFU9EvDgYHmCRSXr7i6sKGsiGET

-- Dumped from database version 16.13 (Ubuntu 16.13-0ubuntu0.24.04.1)
-- Dumped by pg_dump version 16.13 (Ubuntu 16.13-0ubuntu0.24.04.1)

SET statement_timeout = 0;
SET lock_timeout = 0;
SET idle_in_transaction_session_timeout = 0;
SET client_encoding = 'UTF8';
SET standard_conforming_strings = on;
SELECT pg_catalog.set_config('search_path', '', false);
SET check_function_bodies = false;
SET xmloption = content;
SET client_min_messages = warning;
SET row_security = off;

SET default_tablespace = '';

SET default_table_access_method = heap;

--
-- Name: accounts_customuser; Type: TABLE; Schema: public; Owner: planner_user
--

CREATE TABLE public.accounts_customuser (
    id bigint NOT NULL,
    password character varying(128) NOT NULL,
    last_login timestamp with time zone,
    is_superuser boolean NOT NULL,
    username character varying(150) NOT NULL,
    first_name character varying(150) NOT NULL,
    last_name character varying(150) NOT NULL,
    is_staff boolean NOT NULL,
    is_active boolean NOT NULL,
    date_joined timestamp with time zone NOT NULL,
    email character varying(254) NOT NULL,
    avatar character varying(500),
    telegram_id character varying(100),
    email_notifications boolean NOT NULL,
    morning_summary boolean NOT NULL,
    morning_summary_time time without time zone NOT NULL,
    reminder_before_task integer NOT NULL,
    created_at timestamp with time zone NOT NULL
);


ALTER TABLE public.accounts_customuser OWNER TO planner_user;

--
-- Name: accounts_customuser_groups; Type: TABLE; Schema: public; Owner: planner_user
--

CREATE TABLE public.accounts_customuser_groups (
    id bigint NOT NULL,
    customuser_id bigint NOT NULL,
    group_id integer NOT NULL
);


ALTER TABLE public.accounts_customuser_groups OWNER TO planner_user;

--
-- Name: accounts_customuser_groups_id_seq; Type: SEQUENCE; Schema: public; Owner: planner_user
--

ALTER TABLE public.accounts_customuser_groups ALTER COLUMN id ADD GENERATED BY DEFAULT AS IDENTITY (
    SEQUENCE NAME public.accounts_customuser_groups_id_seq
    START WITH 1
    INCREMENT BY 1
    NO MINVALUE
    NO MAXVALUE
    CACHE 1
);


--
-- Name: accounts_customuser_id_seq; Type: SEQUENCE; Schema: public; Owner: planner_user
--

ALTER TABLE public.accounts_customuser ALTER COLUMN id ADD GENERATED BY DEFAULT AS IDENTITY (
    SEQUENCE NAME public.accounts_customuser_id_seq
    START WITH 1
    INCREMENT BY 1
    NO MINVALUE
    NO MAXVALUE
    CACHE 1
);


--
-- Name: accounts_customuser_user_permissions; Type: TABLE; Schema: public; Owner: planner_user
--

CREATE TABLE public.accounts_customuser_user_permissions (
    id bigint NOT NULL,
    customuser_id bigint NOT NULL,
    permission_id integer NOT NULL
);


ALTER TABLE public.accounts_customuser_user_permissions OWNER TO planner_user;

--
-- Name: accounts_customuser_user_permissions_id_seq; Type: SEQUENCE; Schema: public; Owner: planner_user
--

ALTER TABLE public.accounts_customuser_user_permissions ALTER COLUMN id ADD GENERATED BY DEFAULT AS IDENTITY (
    SEQUENCE NAME public.accounts_customuser_user_permissions_id_seq
    START WITH 1
    INCREMENT BY 1
    NO MINVALUE
    NO MAXVALUE
    CACHE 1
);


--
-- Name: auth_group; Type: TABLE; Schema: public; Owner: planner_user
--

CREATE TABLE public.auth_group (
    id integer NOT NULL,
    name character varying(150) NOT NULL
);


ALTER TABLE public.auth_group OWNER TO planner_user;

--
-- Name: auth_group_id_seq; Type: SEQUENCE; Schema: public; Owner: planner_user
--

ALTER TABLE public.auth_group ALTER COLUMN id ADD GENERATED BY DEFAULT AS IDENTITY (
    SEQUENCE NAME public.auth_group_id_seq
    START WITH 1
    INCREMENT BY 1
    NO MINVALUE
    NO MAXVALUE
    CACHE 1
);


--
-- Name: auth_group_permissions; Type: TABLE; Schema: public; Owner: planner_user
--

CREATE TABLE public.auth_group_permissions (
    id bigint NOT NULL,
    group_id integer NOT NULL,
    permission_id integer NOT NULL
);


ALTER TABLE public.auth_group_permissions OWNER TO planner_user;

--
-- Name: auth_group_permissions_id_seq; Type: SEQUENCE; Schema: public; Owner: planner_user
--

ALTER TABLE public.auth_group_permissions ALTER COLUMN id ADD GENERATED BY DEFAULT AS IDENTITY (
    SEQUENCE NAME public.auth_group_permissions_id_seq
    START WITH 1
    INCREMENT BY 1
    NO MINVALUE
    NO MAXVALUE
    CACHE 1
);


--
-- Name: auth_permission; Type: TABLE; Schema: public; Owner: planner_user
--

CREATE TABLE public.auth_permission (
    id integer NOT NULL,
    name character varying(255) NOT NULL,
    content_type_id integer NOT NULL,
    codename character varying(100) NOT NULL
);


ALTER TABLE public.auth_permission OWNER TO planner_user;

--
-- Name: auth_permission_id_seq; Type: SEQUENCE; Schema: public; Owner: planner_user
--

ALTER TABLE public.auth_permission ALTER COLUMN id ADD GENERATED BY DEFAULT AS IDENTITY (
    SEQUENCE NAME public.auth_permission_id_seq
    START WITH 1
    INCREMENT BY 1
    NO MINVALUE
    NO MAXVALUE
    CACHE 1
);


--
-- Name: django_admin_log; Type: TABLE; Schema: public; Owner: planner_user
--

CREATE TABLE public.django_admin_log (
    id integer NOT NULL,
    action_time timestamp with time zone NOT NULL,
    object_id text,
    object_repr character varying(200) NOT NULL,
    action_flag smallint NOT NULL,
    change_message text NOT NULL,
    content_type_id integer,
    user_id bigint NOT NULL,
    CONSTRAINT django_admin_log_action_flag_check CHECK ((action_flag >= 0))
);


ALTER TABLE public.django_admin_log OWNER TO planner_user;

--
-- Name: django_admin_log_id_seq; Type: SEQUENCE; Schema: public; Owner: planner_user
--

ALTER TABLE public.django_admin_log ALTER COLUMN id ADD GENERATED BY DEFAULT AS IDENTITY (
    SEQUENCE NAME public.django_admin_log_id_seq
    START WITH 1
    INCREMENT BY 1
    NO MINVALUE
    NO MAXVALUE
    CACHE 1
);


--
-- Name: django_content_type; Type: TABLE; Schema: public; Owner: planner_user
--

CREATE TABLE public.django_content_type (
    id integer NOT NULL,
    app_label character varying(100) NOT NULL,
    model character varying(100) NOT NULL
);


ALTER TABLE public.django_content_type OWNER TO planner_user;

--
-- Name: django_content_type_id_seq; Type: SEQUENCE; Schema: public; Owner: planner_user
--

ALTER TABLE public.django_content_type ALTER COLUMN id ADD GENERATED BY DEFAULT AS IDENTITY (
    SEQUENCE NAME public.django_content_type_id_seq
    START WITH 1
    INCREMENT BY 1
    NO MINVALUE
    NO MAXVALUE
    CACHE 1
);


--
-- Name: django_migrations; Type: TABLE; Schema: public; Owner: planner_user
--

CREATE TABLE public.django_migrations (
    id bigint NOT NULL,
    app character varying(255) NOT NULL,
    name character varying(255) NOT NULL,
    applied timestamp with time zone NOT NULL
);


ALTER TABLE public.django_migrations OWNER TO planner_user;

--
-- Name: django_migrations_id_seq; Type: SEQUENCE; Schema: public; Owner: planner_user
--

ALTER TABLE public.django_migrations ALTER COLUMN id ADD GENERATED BY DEFAULT AS IDENTITY (
    SEQUENCE NAME public.django_migrations_id_seq
    START WITH 1
    INCREMENT BY 1
    NO MINVALUE
    NO MAXVALUE
    CACHE 1
);


--
-- Name: django_session; Type: TABLE; Schema: public; Owner: planner_user
--

CREATE TABLE public.django_session (
    session_key character varying(40) NOT NULL,
    session_data text NOT NULL,
    expire_date timestamp with time zone NOT NULL
);


ALTER TABLE public.django_session OWNER TO planner_user;

--
-- Name: tasks_aianalysislog; Type: TABLE; Schema: public; Owner: planner_user
--

CREATE TABLE public.tasks_aianalysislog (
    id bigint NOT NULL,
    prompt text NOT NULL,
    response jsonb NOT NULL,
    tokens_used integer NOT NULL,
    created_at timestamp with time zone NOT NULL,
    task_id uuid NOT NULL
);


ALTER TABLE public.tasks_aianalysislog OWNER TO planner_user;

--
-- Name: tasks_aianalysislog_id_seq; Type: SEQUENCE; Schema: public; Owner: planner_user
--

ALTER TABLE public.tasks_aianalysislog ALTER COLUMN id ADD GENERATED BY DEFAULT AS IDENTITY (
    SEQUENCE NAME public.tasks_aianalysislog_id_seq
    START WITH 1
    INCREMENT BY 1
    NO MINVALUE
    NO MAXVALUE
    CACHE 1
);


--
-- Name: tasks_task; Type: TABLE; Schema: public; Owner: planner_user
--

CREATE TABLE public.tasks_task (
    id uuid NOT NULL,
    title character varying(500) NOT NULL,
    description text NOT NULL,
    short_summary character varying(200) NOT NULL,
    priority character varying(10) NOT NULL,
    estimated_duration integer,
    tags jsonb NOT NULL,
    start_date timestamp with time zone,
    due_date timestamp with time zone,
    completed_at timestamp with time zone,
    status character varying(20) NOT NULL,
    ai_analysis jsonb NOT NULL,
    created_at timestamp with time zone NOT NULL,
    updated_at timestamp with time zone NOT NULL,
    user_id bigint NOT NULL
);


ALTER TABLE public.tasks_task OWNER TO planner_user;

--
-- Name: tasks_taskcomment; Type: TABLE; Schema: public; Owner: planner_user
--

CREATE TABLE public.tasks_taskcomment (
    id bigint NOT NULL,
    text text NOT NULL,
    created_at timestamp with time zone NOT NULL,
    task_id uuid NOT NULL,
    user_id bigint NOT NULL
);


ALTER TABLE public.tasks_taskcomment OWNER TO planner_user;

--
-- Name: tasks_taskcomment_id_seq; Type: SEQUENCE; Schema: public; Owner: planner_user
--

ALTER TABLE public.tasks_taskcomment ALTER COLUMN id ADD GENERATED BY DEFAULT AS IDENTITY (
    SEQUENCE NAME public.tasks_taskcomment_id_seq
    START WITH 1
    INCREMENT BY 1
    NO MINVALUE
    NO MAXVALUE
    CACHE 1
);


--
-- Data for Name: accounts_customuser; Type: TABLE DATA; Schema: public; Owner: planner_user
--

COPY public.accounts_customuser (id, password, last_login, is_superuser, username, first_name, last_name, is_staff, is_active, date_joined, email, avatar, telegram_id, email_notifications, morning_summary, morning_summary_time, reminder_before_task, created_at) FROM stdin;
2	pbkdf2_sha256$1200000$k79wj6QzwVbKnrTJ89Ll5M$m+QHDwzIqJaB2ABUMuyhPBijQ5omICBiZ40mtQmUii4=	\N	f	agapchenko@gmail.com	Андрей	Гапченко	f	t	2026-05-05 19:01:19.648325+03	agapchenko@gmail.com	\N	\N	t	t	08:00:00	30	2026-05-05 19:01:19.864161+03
3	pbkdf2_sha256$1200000$8XjTcpWzLrTAUhFXiiytrk$MI9ILyckowq+sk+iJIl9b4j1QmmoWIhjVCeW7cghKsg=	\N	f	aaa@gmail.com	Андрей	Гапченко	f	t	2026-05-07 01:12:37.355492+03	agapchenko2@gmail.com	\N	\N	t	t	08:00:00	30	2026-05-07 01:12:37.579091+03
4	pbkdf2_sha256$1200000$zBTNGYi08gvLOeFkMK0GhH$ZSV3/D/WVEFgIjBf2ELxdpKdtYVmhFoftC8M46PvxA0=	\N	f	alex1234	Дмитрий	Гапченко	f	t	2026-05-07 01:23:28.928195+03	dgapchenko6@gmail.com	\N	\N	t	t	08:00:00	30	2026-05-07 01:23:29.171107+03
5	pbkdf2_sha256$1200000$XYZ2pEM5l7sLySLvw4gfEX$0d/pETQ3ppEVrCBcysmEZRqXLcks2YLVZXIvyRMKLRw=	\N	f	agapchenko8@gmail.com	Андрей	Гапченко	f	t	2026-05-07 09:42:52.376924+03	agapchenko8@gmail.com	\N	\N	t	t	08:00:00	30	2026-05-07 09:42:52.591924+03
6	pbkdf2_sha256$1200000$fSG0jBBzJZ7pubd7yUxANa$kpeTncw4u3qtrmT8k+kr66o1ko9EkpKpoffRYiL9SaM=	\N	f	agapchenko9@gmail.com	Андрей	Гапченко	f	t	2026-05-07 10:02:32.302201+03	agapchenko9@gmail.com	\N	\N	t	t	08:00:00	30	2026-05-07 10:02:32.527436+03
7	pbkdf2_sha256$1200000$rpadfp0gwoZLHMeUC1zPSA$vzZEf7GpIstTREjlAlFVS39c/Svh1DxjEjKARlXqMpE=	\N	f	agapchenko10@gmail.com	Андрей	Гапченко	f	t	2026-05-07 10:19:20.724619+03	agapchenko10@gmail.com	\N	\N	t	t	08:00:00	30	2026-05-07 10:19:20.970831+03
8	pbkdf2_sha256$1200000$lBl2jBOnDFB3Qxi2LuYBaz$5LN5T069u/Jnx+Xg7YWsqoP1gfYaRfE6+RrzeF+nguY=	\N	f	agapchenko11@gmail.com	Андрей	Гапченко	f	t	2026-05-07 10:20:53.766855+03	agapchenko11@gmail.com	\N	\N	t	t	08:00:00	30	2026-05-07 10:20:54.003657+03
9	pbkdf2_sha256$1200000$5HxXtBzW4Q6LucuQcnyw9x$TMZ3/b3DrA9493Dn6cvo01FoFBJ/f+4m7VmZmgiNqcE=	\N	f	agapchenko12@gmail.com	Андрей	Гапченко	f	t	2026-05-07 10:27:22.414177+03	agapchenko12@gmail.com	\N	\N	t	t	08:00:00	30	2026-05-07 10:27:22.659885+03
10	pbkdf2_sha256$1200000$boSJCOlrWtsk75nH2BeU2d$m/yJ+N2r3CY598uzI2xQ3tCOO3EZwpaihAFGOW1L2s4=	\N	f	agapchenko5@gmail.com	Андрей	Гапченко	f	t	2026-05-12 22:37:38.903025+03	agapchenko5@gmail.com	\N	\N	t	t	08:00:00	30	2026-05-12 22:37:39.138581+03
11	pbkdf2_sha256$1200000$ekGtBssgMMBof01o1i4j4D$0ZE4cvDclENSzr6B8NrWLEIYQjnVtl3zpsD1r6xtPRA=	\N	f	dgapchenko054@gmail.com	Дмитрий	Гапченко	f	t	2026-05-12 23:55:16.357093+03	dgapchenko054@gmail.com	\N	\N	t	t	09:00:00	30	2026-05-12 23:55:16.574179+03
12	pbkdf2_sha256$1200000$azPwzSWebFnxZbRUBS1Rad$9jjHDYTXtbWTKGQkDTGHRemc2xIrZn9G7ztcCyp9tEA=	\N	t	admin@mail.com	Admin		t	t	2026-05-13 19:07:32.069925+03	admin	\N	\N	t	t	08:00:00	30	2026-05-13 19:07:32.320281+03
13	pbkdf2_sha256$1200000$1h4j0fji0j42T5U1mMVmqX$XywBhYjTZE1tfqwrYmX5Hl0TAc0eA1of+Cw1vN4G2lg=	2026-05-13 19:11:30.556208+03	t	admin			t	t	2026-05-13 19:11:03.233062+03	admin@mail.com	\N	\N	t	t	08:00:00	30	2026-05-13 19:11:03.47349+03
14	pbkdf2_sha256$1200000$IUkevG4jzKQcbodRzHjufE$OqfNsqygbSIu4lgi221VEu3gySa+azqvjk18ZHffQZ8=	\N	f	agapchenko65@gmail.com	Андрей	Гапченко	f	t	2026-05-13 19:43:33.60853+03	agapchenko65@gmail.com	\N	\N	t	t	08:00:00	30	2026-05-13 19:43:33.85031+03
1	pbkdf2_sha256$1200000$ILIm0YMJ6q4W1EllToFyDu$L7vZWubB2CwWQuhdnZrDzp+hMqh/A7ezmCCGZt1rgc4=	\N	f	dgapchenko4@gmail.com	Dima		f	t	2026-05-05 18:55:51.834128+03	dgapchenko4@gmail.com	\N	\N	t	t	12:00:00	15	2026-05-05 18:55:52.092019+03
15	pbkdf2_sha256$1200000$bXoBpROUnAiDgr6VMHjVDi$qulZ0kVEa7P+QLMJqFqhE11rEpG2xsUS1gu1ls/6l+k=	\N	f	agapchenko35@gmail.com	Андрей	Гапченко	f	t	2026-05-13 20:13:30.038411+03	agapchenko35@gmail.com	\N	\N	t	t	08:00:00	30	2026-05-13 20:13:30.287559+03
\.


--
-- Data for Name: accounts_customuser_groups; Type: TABLE DATA; Schema: public; Owner: planner_user
--

COPY public.accounts_customuser_groups (id, customuser_id, group_id) FROM stdin;
\.


--
-- Data for Name: accounts_customuser_user_permissions; Type: TABLE DATA; Schema: public; Owner: planner_user
--

COPY public.accounts_customuser_user_permissions (id, customuser_id, permission_id) FROM stdin;
\.


--
-- Data for Name: auth_group; Type: TABLE DATA; Schema: public; Owner: planner_user
--

COPY public.auth_group (id, name) FROM stdin;
\.


--
-- Data for Name: auth_group_permissions; Type: TABLE DATA; Schema: public; Owner: planner_user
--

COPY public.auth_group_permissions (id, group_id, permission_id) FROM stdin;
\.


--
-- Data for Name: auth_permission; Type: TABLE DATA; Schema: public; Owner: planner_user
--

COPY public.auth_permission (id, name, content_type_id, codename) FROM stdin;
1	Can add log entry	1	add_logentry
2	Can change log entry	1	change_logentry
3	Can delete log entry	1	delete_logentry
4	Can view log entry	1	view_logentry
5	Can add permission	3	add_permission
6	Can change permission	3	change_permission
7	Can delete permission	3	delete_permission
8	Can view permission	3	view_permission
9	Can add group	2	add_group
10	Can change group	2	change_group
11	Can delete group	2	delete_group
12	Can view group	2	view_group
13	Can add content type	4	add_contenttype
14	Can change content type	4	change_contenttype
15	Can delete content type	4	delete_contenttype
16	Can view content type	4	view_contenttype
17	Can add session	5	add_session
18	Can change session	5	change_session
19	Can delete session	5	delete_session
20	Can view session	5	view_session
21	Can add Пользователь	6	add_customuser
22	Can change Пользователь	6	change_customuser
23	Can delete Пользователь	6	delete_customuser
24	Can view Пользователь	6	view_customuser
25	Can add Задача	8	add_task
26	Can change Задача	8	change_task
27	Can delete Задача	8	delete_task
28	Can view Задача	8	view_task
29	Can add Лог AI анализа	7	add_aianalysislog
30	Can change Лог AI анализа	7	change_aianalysislog
31	Can delete Лог AI анализа	7	delete_aianalysislog
32	Can view Лог AI анализа	7	view_aianalysislog
33	Can add Комментарий	9	add_taskcomment
34	Can change Комментарий	9	change_taskcomment
35	Can delete Комментарий	9	delete_taskcomment
36	Can view Комментарий	9	view_taskcomment
\.


--
-- Data for Name: django_admin_log; Type: TABLE DATA; Schema: public; Owner: planner_user
--

COPY public.django_admin_log (id, action_time, object_id, object_repr, action_flag, change_message, content_type_id, user_id) FROM stdin;
\.


--
-- Data for Name: django_content_type; Type: TABLE DATA; Schema: public; Owner: planner_user
--

COPY public.django_content_type (id, app_label, model) FROM stdin;
1	admin	logentry
2	auth	group
3	auth	permission
4	contenttypes	contenttype
5	sessions	session
6	accounts	customuser
7	tasks	aianalysislog
8	tasks	task
9	tasks	taskcomment
\.


--
-- Data for Name: django_migrations; Type: TABLE DATA; Schema: public; Owner: planner_user
--

COPY public.django_migrations (id, app, name, applied) FROM stdin;
1	contenttypes	0001_initial	2026-05-05 18:47:57.068565+03
2	contenttypes	0002_remove_content_type_name	2026-05-05 18:47:57.075732+03
3	auth	0001_initial	2026-05-05 18:47:57.177969+03
4	auth	0002_alter_permission_name_max_length	2026-05-05 18:47:57.183528+03
5	auth	0003_alter_user_email_max_length	2026-05-05 18:47:57.188688+03
6	auth	0004_alter_user_username_opts	2026-05-05 18:47:57.1952+03
7	auth	0005_alter_user_last_login_null	2026-05-05 18:47:57.201022+03
8	auth	0006_require_contenttypes_0002	2026-05-05 18:47:57.204323+03
9	auth	0007_alter_validators_add_error_messages	2026-05-05 18:47:57.211332+03
10	auth	0008_alter_user_username_max_length	2026-05-05 18:47:57.216873+03
11	auth	0009_alter_user_last_name_max_length	2026-05-05 18:47:57.222398+03
12	auth	0010_alter_group_name_max_length	2026-05-05 18:47:57.229432+03
13	auth	0011_update_proxy_permissions	2026-05-05 18:47:57.235045+03
14	auth	0012_alter_user_first_name_max_length	2026-05-05 18:47:57.240715+03
15	accounts	0001_initial	2026-05-05 18:47:57.333079+03
16	admin	0001_initial	2026-05-05 18:47:57.369846+03
17	admin	0002_logentry_remove_auto_add	2026-05-05 18:47:57.376745+03
18	admin	0003_logentry_add_action_flag_choices	2026-05-05 18:47:57.383685+03
19	sessions	0001_initial	2026-05-05 18:47:57.41464+03
20	tasks	0001_initial	2026-05-05 18:47:57.526844+03
\.


--
-- Data for Name: django_session; Type: TABLE DATA; Schema: public; Owner: planner_user
--

COPY public.django_session (session_key, session_data, expire_date) FROM stdin;
51dm2x2c2xqo87j34l2dtv6h9t2a8kle	.eJxVjDEOgzAMRe-SuYowBAc6ducMkWM7DW0FEoGp6t0LEkO7_vfef5tA25rDVnQJo5irgcZcfsdI_NTpIPKg6T5bnqd1GaM9FHvSYodZ9HU73b-DTCXvtaowICTyFSHWDbTE2LOoOEoUXZMAHGLnpfNUE2DsU4W7kyqWVtl8vinDORc:1wNCBG:D_gYlmA5IBzJSASPeNfBSNhWQLMUvd0enY9VSuFAUmk	2026-05-27 19:11:30.561155+03
\.


--
-- Data for Name: tasks_aianalysislog; Type: TABLE DATA; Schema: public; Owner: planner_user
--

COPY public.tasks_aianalysislog (id, prompt, response, tokens_used, created_at, task_id) FROM stdin;
1	Позвонить маме в 12.00 в пятницу	{"tags": ["звонок", "семья"], "summary": "Позвонить маме", "due_date": "2026-05-08", "priority": "high", "estimated_minutes": 5}	0	2026-05-05 18:57:45.305099+03	5f4cc11e-3a03-4a33-b53c-daae81cacfb3
2	9 мая парад на Крвсной площади	{"tags": ["парад"], "summary": "парад на Красной площади", "due_date": null, "priority": "high", "estimated_minutes": 60}	0	2026-05-05 18:58:18.232045+03	b168b35a-11c6-4631-9a7a-10f958e1c764
3	Купить продукты сегодня в 20.00	{"tags": ["покупки", "продукты"], "summary": "Купить продукты сегодня в 20.00", "due_date": "2026-05-05", "priority": "high", "estimated_minutes": 30}	0	2026-05-05 18:58:53.005499+03	4deae572-e770-4077-9d51-a0b09330d36b
4	9 мая парад на Крвсной площади	{"tags": ["парад"], "summary": "парад на Красной площади", "due_date": null, "priority": "high", "estimated_minutes": 60}	0	2026-05-05 18:59:29.900309+03	ee615c12-0283-40b9-a683-cf6289f77e99
5	Завтра в 10.00 совещание по диплому	{"tags": ["совещание", "диплом"], "summary": "совещание по диплому", "due_date": "2026-05-06", "priority": "high", "estimated_minutes": 60}	0	2026-05-05 18:59:57.041893+03	678eb883-196b-4cca-872a-337f9c2db547
6	Завтра в 10.00 совещание по диплому	{"tags": ["совещание", "диплом"], "summary": "совещание по диплому", "due_date": "2026-05-06", "priority": "high", "estimated_minutes": 60}	0	2026-05-05 19:01:35.582533+03	5f3026f5-a285-42da-9747-5e460aaf778e
7	Поехать в магазин	{"tags": ["покупка", "магазин"], "summary": "поехать в магазин", "due_date": null, "priority": "high", "estimated_minutes": 30}	0	2026-05-07 01:13:31.919642+03	99358814-0c36-4591-a8f9-39cbe44c8c2c
8	Позвонить маме	{"tags": ["звонок", "семья"], "summary": "Позвонить маме", "due_date": null, "priority": "high", "estimated_minutes": 10}	0	2026-05-07 09:43:42.920253+03	a8775295-f38c-4e5b-8ad9-8ef6e18ac723
9	Позвонить папе	{"tags": ["звонок", "семья"], "summary": "Позвонить папе", "due_date": null, "priority": "high", "estimated_minutes": 10}	0	2026-05-07 10:03:00.469782+03	99acccf7-8bd6-4ed9-8014-9b4719cbceaa
10	Позвонить папе	{"tags": ["звонок", "семья"], "summary": "Позвонить папе", "due_date": null, "priority": "high", "estimated_minutes": 10}	0	2026-05-07 10:03:26.960803+03	19016ca3-bd4a-41d9-892d-1126c2b9e67f
11	Позвонить папе	{"tags": ["звонок", "семья"], "summary": "Позвонить папе", "due_date": null, "priority": "high", "estimated_minutes": 10}	0	2026-05-11 23:16:14.481557+03	69f89bb8-0521-4110-821e-8b05ed3139a4
12	через 4 дня в 10.00 парад	{"tags": ["мероприятие"], "summary": "парад", "due_date": "2026-05-15", "priority": "high", "estimated_minutes": 60}	0	2026-05-11 23:31:21.053398+03	4b0421b2-6653-4d8b-bddb-56d468d38d63
13	Завтра в 10/00 совещание по диплому	{"tags": ["совещание", "диплом"], "summary": "совещание по диплому", "due_date": "2026-05-13", "priority": "high", "estimated_minutes": 60}	0	2026-05-12 09:50:03.152183+03	d3d1847d-e6ff-4355-927d-c345fb14bb5b
14	Завтра в 10/00 совещание по диплому	{"tags": ["совещание", "диплом"], "summary": "совещание по диплому", "due_date": "2026-05-13", "priority": "high", "estimated_minutes": 60}	0	2026-05-12 10:16:18.356703+03	c64373d5-57d6-4c30-b05a-de4fb79060b6
15	Завтра в 10/00 совещание по диплому	{"tags": ["совещание", "диплом"], "summary": "совещание по диплому", "due_date": "2026-05-13", "priority": "high", "estimated_minutes": 60}	0	2026-05-12 10:16:18.822146+03	87d69375-d094-439e-8861-2bd6ded5162d
16	через 4 дня в 10.00 парад	{"tags": ["мероприятие"], "summary": "парад", "due_date": "2026-05-16", "priority": "high", "estimated_minutes": 60}	0	2026-05-12 22:39:30.609497+03	f29e8364-512f-4d28-98e7-89a9f2d8dfad
17	Позвонить маме в 12.00 в пятницу	{"tags": ["звонок", "семья"], "summary": "Позвонить маме", "due_date": "2026-05-15", "priority": "high", "estimated_minutes": 5}	0	2026-05-12 22:40:13.214198+03	58a1dcf8-1b2c-4977-af78-ab41ec134be2
18	Завтра в 10.00 совещание по диплому	{"tags": ["совещание", "диплом"], "summary": "совещание по диплому", "due_date": "2026-05-13", "priority": "high", "estimated_minutes": 60}	0	2026-05-12 22:40:48.945502+03	574d5752-1f0f-4d2e-92fe-c29a9db92dd0
19	Завтра в 10.00 совещание по диплому	{"tags": ["совещание", "диплом"], "summary": "совещание по диплому", "due_date": "2026-05-13", "priority": "high", "estimated_minutes": 60}	0	2026-05-12 22:42:36.376092+03	574d5752-1f0f-4d2e-92fe-c29a9db92dd0
20	Позвонить маме в 12.00 в пятницу	{"tags": ["звонок", "мама"], "summary": "Позвонить маме", "due_date": "2026-05-15", "priority": "high", "estimated_minutes": 5}	0	2026-05-12 23:56:59.737065+03	e1d4b23a-6fa2-479f-abea-96039358544c
21	Завтра в 10.00 совещание по диплому	{"tags": ["совещание", "диплом"], "summary": "совещание по диплому", "due_date": "2026-05-13", "priority": "high", "estimated_minutes": 60}	0	2026-05-12 23:57:34.859539+03	6e562e36-380c-443d-a792-57875e32d59c
22	9 мая парад на Крвсной площади	{"tags": ["парад", "Красная площадь"], "summary": "парад на Красной площади", "due_date": null, "priority": "high", "estimated_minutes": 60}	0	2026-05-12 23:57:53.903859+03	9edc1145-b59f-418f-aa37-c04a0d379a9a
23	Завтра в 10.00 совещание по диплому	{"tags": ["совещание", "диплом"], "summary": "совещание по диплому", "due_date": "2026-05-13", "priority": "high", "estimated_minutes": 60}	0	2026-05-12 23:59:57.09683+03	6e562e36-380c-443d-a792-57875e32d59c
24	Позвонить маме в 12.00 в пятницу	{"tags": ["звонок", "мама"], "summary": "Позвонить маме", "due_date": "2026-05-15", "priority": "high", "estimated_minutes": 5}	0	2026-05-13 19:45:23.118284+03	d1edc7df-aeaa-4411-ba3d-4e2f007cab23
25	Позвонить папе	{"tags": ["звонок", "семья"], "summary": "Позвонить папе", "due_date": null, "priority": "high", "estimated_minutes": 10}	0	2026-05-13 19:50:20.901098+03	63e966ed-9e0f-48c6-9ab3-18e41c2c0378
26	Завтра купить продукты в магазине	{"tags": ["покупки", "продукты"], "summary": "купить продукты в магазине", "due_date": "2026-05-14", "priority": "high", "estimated_minutes": 60}	0	2026-05-13 19:51:32.915187+03	f39b6ec8-0fc9-4070-a148-45ba80f02845
27	Завтра в 13:15 пообедать	{"tags": ["обед"], "summary": "пообедать", "due_date": "2026-05-14", "priority": "high", "estimated_minutes": 60}	0	2026-05-13 19:52:20.346062+03	f163089b-c313-4061-8f25-4246c1b818cc
28	Завтра купить продукты в магазине	{"tags": ["покупки", "продукты"], "summary": "купить продукты в магазине", "due_date": "2026-05-14", "priority": "high", "estimated_minutes": 30}	0	2026-05-13 19:54:34.503199+03	f39b6ec8-0fc9-4070-a148-45ba80f02845
29	через 4 дня в 10.00 парад	{"tags": ["мероприятие"], "summary": "парад", "due_date": "2026-05-17", "priority": "high", "estimated_minutes": 60}	0	2026-05-13 19:54:59.744424+03	4b0421b2-6653-4d8b-bddb-56d468d38d63
30	Позвонить маме в 12.00 в пятницу	{"tags": ["звонок", "мама"], "summary": "Позвонить маме", "due_date": "2026-05-15", "priority": "high", "estimated_minutes": 5}	0	2026-05-13 19:55:23.154277+03	d1edc7df-aeaa-4411-ba3d-4e2f007cab23
31	Позвонить маме в 12.00 в пятницу	{"tags": ["звонок", "семья"], "summary": "Позвонить маме", "due_date": "2026-05-15", "priority": "high", "estimated_minutes": 5}	0	2026-05-13 19:58:34.470069+03	d1edc7df-aeaa-4411-ba3d-4e2f007cab23
32	Позвонить маме в 12.00 в пятницу	{"tags": ["звонок", "мама"], "summary": "Позвонить маме", "due_date": "2026-05-15", "priority": "high", "estimated_minutes": 5}	0	2026-05-13 20:17:17.63626+03	60a7c8ee-bf36-4068-bd01-b81ed91e4887
33	Позвонить папе	{"tags": ["звонок", "семья"], "summary": "Позвонить папе", "due_date": null, "priority": "high", "estimated_minutes": 10}	0	2026-05-13 20:17:33.533885+03	112c5bb9-d731-4323-b520-06543db19f43
34	Завтра в 10/00 совещание по диплому	{"tags": ["совещание", "диплом"], "summary": "совещание по диплому", "due_date": "2026-05-14", "priority": "high", "estimated_minutes": 60}	0	2026-05-13 20:17:52.350207+03	a706b176-085d-4721-a8b9-d08860bf3e9c
35	Завтра в 10/00 совещание по диплому	{"tags": ["совещание", "диплом"], "summary": "совещание по диплому", "due_date": "2026-05-14", "priority": "high", "estimated_minutes": 60}	0	2026-05-13 20:19:24.609165+03	a706b176-085d-4721-a8b9-d08860bf3e9c
36	Позвонить папе. Неважно	{"tags": ["звонок", "семья"], "summary": "Позвонить папе", "due_date": null, "priority": "high", "estimated_minutes": 10}	0	2026-05-13 20:28:35.597015+03	401a2c2f-db58-4819-bc54-88dcef5e7d55
37	Купить продукты необязательно	{"tags": ["необязательные покупки"], "summary": "купить продукты необязательно", "due_date": null, "priority": "low", "estimated_minutes": 60}	0	2026-05-13 20:29:36.555108+03	d497df44-3768-4797-89d7-af84d2c3aa86
38	Посмотреть рекламу	{"tags": ["реклама"], "summary": "Посмотреть рекламу", "due_date": null, "priority": "low", "estimated_minutes": 5}	0	2026-05-13 20:30:07.857543+03	b5f61585-6019-407a-ad08-ca65a8df272c
\.


--
-- Data for Name: tasks_task; Type: TABLE DATA; Schema: public; Owner: planner_user
--

COPY public.tasks_task (id, title, description, short_summary, priority, estimated_duration, tags, start_date, due_date, completed_at, status, ai_analysis, created_at, updated_at, user_id) FROM stdin;
5f4cc11e-3a03-4a33-b53c-daae81cacfb3	Позвонить маме в 12.00 в пятницу		Позвонить маме	high	5	["звонок", "семья"]	\N	2026-05-08 12:00:00+03	\N	pending	{"tags": ["звонок", "семья"], "summary": "Позвонить маме", "due_date": "2026-05-08", "priority": "high", "estimated_minutes": 5}	2026-05-05 18:57:43.071924+03	2026-05-05 18:57:45.300432+03	1
b168b35a-11c6-4631-9a7a-10f958e1c764	9 мая парад на Крвсной площади		парад на Красной площади	high	60	["парад"]	\N	\N	\N	pending	{"tags": ["парад"], "summary": "парад на Красной площади", "due_date": null, "priority": "high", "estimated_minutes": 60}	2026-05-05 18:58:16.450573+03	2026-05-05 18:58:18.227232+03	1
4deae572-e770-4077-9d51-a0b09330d36b	Купить продукты сегодня в 20.00		Купить продукты сегодня в 20.00	high	30	["покупки", "продукты"]	\N	2026-05-05 20:00:00+03	\N	pending	{"tags": ["покупки", "продукты"], "summary": "Купить продукты сегодня в 20.00", "due_date": "2026-05-05", "priority": "high", "estimated_minutes": 30}	2026-05-05 18:58:50.070286+03	2026-05-05 18:58:53.000429+03	1
ee615c12-0283-40b9-a683-cf6289f77e99	9 мая парад на Крвсной площади		парад на Красной площади	high	60	["парад"]	\N	2026-05-09 09:59:00+03	\N	pending	{"tags": ["парад"], "summary": "парад на Красной площади", "due_date": null, "priority": "high", "estimated_minutes": 60}	2026-05-05 18:59:26.679982+03	2026-05-05 18:59:29.895199+03	1
678eb883-196b-4cca-872a-337f9c2db547	Завтра в 10.00 совещание по диплому		совещание по диплому	high	60	["совещание", "диплом"]	\N	2026-05-06 10:00:00+03	\N	pending	{"tags": ["совещание", "диплом"], "summary": "совещание по диплому", "due_date": "2026-05-06", "priority": "high", "estimated_minutes": 60}	2026-05-05 18:59:54.646492+03	2026-05-05 18:59:57.037201+03	1
5f3026f5-a285-42da-9747-5e460aaf778e	Завтра в 10.00 совещание по диплому		совещание по диплому	high	60	["совещание", "диплом"]	\N	2026-05-06 10:00:00+03	\N	pending	{"tags": ["совещание", "диплом"], "summary": "совещание по диплому", "due_date": "2026-05-06", "priority": "high", "estimated_minutes": 60}	2026-05-05 19:01:33.765275+03	2026-05-05 19:01:35.578035+03	2
99358814-0c36-4591-a8f9-39cbe44c8c2c	Поехать в магазин		поехать в магазин	high	30	["покупка", "магазин"]	\N	\N	\N	pending	{"tags": ["покупка", "магазин"], "summary": "поехать в магазин", "due_date": null, "priority": "high", "estimated_minutes": 30}	2026-05-07 01:13:30.67927+03	2026-05-07 01:13:31.914698+03	3
a8775295-f38c-4e5b-8ad9-8ef6e18ac723	Позвонить маме		Позвонить маме	high	10	["звонок", "семья"]	\N	\N	\N	pending	{"tags": ["звонок", "семья"], "summary": "Позвонить маме", "due_date": null, "priority": "high", "estimated_minutes": 10}	2026-05-07 09:43:41.813715+03	2026-05-07 09:43:42.91366+03	5
99acccf7-8bd6-4ed9-8014-9b4719cbceaa	Позвонить папе		Позвонить папе	high	10	["звонок", "семья"]	\N	\N	\N	pending	{"tags": ["звонок", "семья"], "summary": "Позвонить папе", "due_date": null, "priority": "high", "estimated_minutes": 10}	2026-05-07 10:02:59.050828+03	2026-05-07 10:03:00.465137+03	6
19016ca3-bd4a-41d9-892d-1126c2b9e67f	Позвонить папе		Позвонить папе	high	10	["звонок", "семья"]	\N	\N	\N	pending	{"tags": ["звонок", "семья"], "summary": "Позвонить папе", "due_date": null, "priority": "high", "estimated_minutes": 10}	2026-05-07 10:03:25.43935+03	2026-05-07 10:03:26.95585+03	6
69f89bb8-0521-4110-821e-8b05ed3139a4	Позвонить папе		Позвонить папе	high	10	["звонок", "семья"]	\N	\N	\N	pending	{"tags": ["звонок", "семья"], "summary": "Позвонить папе", "due_date": null, "priority": "high", "estimated_minutes": 10}	2026-05-11 23:16:13.602629+03	2026-05-11 23:16:14.475446+03	9
d3d1847d-e6ff-4355-927d-c345fb14bb5b	Завтра в 10/00 совещание по диплому		совещание по диплому	high	60	["совещание", "диплом"]	\N	2026-05-13 18:00:00+03	\N	pending	{"tags": ["совещание", "диплом"], "summary": "совещание по диплому", "due_date": "2026-05-13", "priority": "high", "estimated_minutes": 60}	2026-05-12 09:50:02.06276+03	2026-05-12 09:50:03.146425+03	1
c64373d5-57d6-4c30-b05a-de4fb79060b6	Завтра в 10/00 совещание по диплому		совещание по диплому	high	60	["совещание", "диплом"]	\N	2026-05-13 18:00:00+03	\N	pending	{"tags": ["совещание", "диплом"], "summary": "совещание по диплому", "due_date": "2026-05-13", "priority": "high", "estimated_minutes": 60}	2026-05-12 10:16:17.143563+03	2026-05-12 10:16:18.35188+03	1
f29e8364-512f-4d28-98e7-89a9f2d8dfad	через 4 дня в 10.00 парад		парад	high	60	["мероприятие"]	\N	2026-05-16 10:00:00+03	\N	pending	{"tags": ["мероприятие"], "summary": "парад", "due_date": "2026-05-16", "priority": "high", "estimated_minutes": 60}	2026-05-12 22:39:29.597927+03	2026-05-12 22:39:30.604326+03	10
574d5752-1f0f-4d2e-92fe-c29a9db92dd0	Завтра в 10.00 совещание по диплому		совещание по диплому	high	60	["совещание", "диплом"]	\N	2026-05-14 08:00:00+03	\N	pending	{"tags": ["совещание", "диплом"], "summary": "совещание по диплому", "due_date": "2026-05-13", "priority": "high", "estimated_minutes": 60}	2026-05-12 22:40:47.540555+03	2026-05-12 22:42:36.371685+03	10
58a1dcf8-1b2c-4977-af78-ab41ec134be2	Позвонить маме в 12.00 в пятницу		Позвонить маме	high	5	["звонок", "семья"]	\N	2026-05-15 12:00:00+03	2026-05-12 22:43:39.111987+03	completed	{"tags": ["звонок", "семья"], "summary": "Позвонить маме", "due_date": "2026-05-15", "priority": "high", "estimated_minutes": 5}	2026-05-12 22:40:12.403045+03	2026-05-12 22:43:39.112034+03	10
e1d4b23a-6fa2-479f-abea-96039358544c	Позвонить маме в 12.00 в пятницу		Позвонить маме	high	5	["звонок", "мама"]	\N	2026-05-15 12:00:00+03	\N	pending	{"tags": ["звонок", "мама"], "summary": "Позвонить маме", "due_date": "2026-05-15", "priority": "high", "estimated_minutes": 5}	2026-05-12 23:56:58.688406+03	2026-05-12 23:56:59.731498+03	11
4b0421b2-6653-4d8b-bddb-56d468d38d63	через 4 дня в 10.00 парад		парад	high	60	["мероприятие"]	\N	2026-05-15 10:00:00+03	\N	pending	{"tags": ["мероприятие"], "summary": "парад", "due_date": "2026-05-17", "priority": "high", "estimated_minutes": 60}	2026-05-11 23:31:20.223498+03	2026-05-13 19:54:59.739922+03	1
9edc1145-b59f-418f-aa37-c04a0d379a9a	9 мая парад на Крвсной площади		парад на Красной площади	high	60	["парад", "Красная площадь"]	\N	\N	\N	pending	{"tags": ["парад", "Красная площадь"], "summary": "парад на Красной площади", "due_date": null, "priority": "high", "estimated_minutes": 60}	2026-05-12 23:57:52.966648+03	2026-05-12 23:57:53.899306+03	11
6e562e36-380c-443d-a792-57875e32d59c	Завтра в 10.00 совещание по диплому		совещание по диплому	high	60	["совещание", "диплом"]	\N	2026-05-14 10:00:00+03	2026-05-13 00:01:12.953462+03	completed	{"tags": ["совещание", "диплом"], "summary": "совещание по диплому", "due_date": "2026-05-13", "priority": "high", "estimated_minutes": 60}	2026-05-12 23:57:33.863866+03	2026-05-13 00:01:12.953542+03	11
63e966ed-9e0f-48c6-9ab3-18e41c2c0378	Позвонить папе		Позвонить папе	high	10	["звонок", "семья"]	\N	\N	\N	pending	{"tags": ["звонок", "семья"], "summary": "Позвонить папе", "due_date": null, "priority": "high", "estimated_minutes": 10}	2026-05-13 19:50:19.863849+03	2026-05-13 19:50:20.896169+03	1
f163089b-c313-4061-8f25-4246c1b818cc	Завтра в 13:15 пообедать		пообедать	high	60	["обед"]	\N	2026-05-14 13:15:00+03	\N	pending	{"tags": ["обед"], "summary": "пообедать", "due_date": "2026-05-14", "priority": "high", "estimated_minutes": 60}	2026-05-13 19:52:19.576836+03	2026-05-13 19:52:20.341142+03	1
f39b6ec8-0fc9-4070-a148-45ba80f02845	Завтра купить продукты в магазине		купить продукты в магазине	high	30	["покупки", "продукты"]	\N	2026-05-06 16:00:00+03	\N	pending	{"tags": ["покупки", "продукты"], "summary": "купить продукты в магазине", "due_date": "2026-05-14", "priority": "high", "estimated_minutes": 30}	2026-05-13 19:51:32.120636+03	2026-05-13 19:54:34.498441+03	1
60a7c8ee-bf36-4068-bd01-b81ed91e4887	Позвонить маме в 12.00 в пятницу		Позвонить маме	high	5	["звонок", "мама"]	\N	2026-05-15 12:00:00+03	\N	pending	{"tags": ["звонок", "мама"], "summary": "Позвонить маме", "due_date": "2026-05-15", "priority": "high", "estimated_minutes": 5}	2026-05-13 20:17:16.596739+03	2026-05-13 20:17:17.631216+03	15
d1edc7df-aeaa-4411-ba3d-4e2f007cab23	Позвонить маме в 12.00 в пятницу		Позвонить маме	high	5	["звонок", "семья"]	\N	2026-05-15 12:00:00+03	\N	pending	{"tags": ["звонок", "семья"], "summary": "Позвонить маме", "due_date": "2026-05-15", "priority": "high", "estimated_minutes": 5}	2026-05-13 19:45:22.025391+03	2026-05-13 19:58:34.465365+03	1
87d69375-d094-439e-8861-2bd6ded5162d	Завтра в 10/00 совещание по диплому		совещание по диплому	high	60	["совещание", "диплом"]	\N	2026-05-13 18:00:00+03	2026-05-13 20:00:01.163091+03	completed	{"tags": ["совещание", "диплом"], "summary": "совещание по диплому", "due_date": "2026-05-13", "priority": "high", "estimated_minutes": 60}	2026-05-12 10:16:17.717766+03	2026-05-13 20:00:01.163149+03	1
112c5bb9-d731-4323-b520-06543db19f43	Позвонить папе		Позвонить папе	high	10	["звонок", "семья"]	\N	\N	\N	pending	{"tags": ["звонок", "семья"], "summary": "Позвонить папе", "due_date": null, "priority": "high", "estimated_minutes": 10}	2026-05-13 20:17:32.26357+03	2026-05-13 20:17:33.529303+03	15
a706b176-085d-4721-a8b9-d08860bf3e9c	Завтра в 10/00 совещание по диплому		совещание по диплому	high	60	["совещание", "диплом"]	\N	2026-05-16 16:00:00+03	2026-05-13 20:20:10.867679+03	completed	{"tags": ["совещание", "диплом"], "summary": "совещание по диплому", "due_date": "2026-05-14", "priority": "high", "estimated_minutes": 60}	2026-05-13 20:17:49.869498+03	2026-05-13 20:20:10.867759+03	15
401a2c2f-db58-4819-bc54-88dcef5e7d55	Позвонить папе. Неважно		Позвонить папе	high	10	["звонок", "семья"]	\N	\N	\N	pending	{"tags": ["звонок", "семья"], "summary": "Позвонить папе", "due_date": null, "priority": "high", "estimated_minutes": 10}	2026-05-13 20:28:34.732189+03	2026-05-13 20:28:35.592437+03	1
d497df44-3768-4797-89d7-af84d2c3aa86	Купить продукты необязательно		купить продукты необязательно	low	60	["необязательные покупки"]	\N	\N	\N	pending	{"tags": ["необязательные покупки"], "summary": "купить продукты необязательно", "due_date": null, "priority": "low", "estimated_minutes": 60}	2026-05-13 20:29:35.688717+03	2026-05-13 20:29:36.548165+03	1
b5f61585-6019-407a-ad08-ca65a8df272c	Посмотреть рекламу		Посмотреть рекламу	low	5	["реклама"]	\N	\N	\N	pending	{"tags": ["реклама"], "summary": "Посмотреть рекламу", "due_date": null, "priority": "low", "estimated_minutes": 5}	2026-05-13 20:30:06.942578+03	2026-05-13 20:30:07.853142+03	1
\.


--
-- Data for Name: tasks_taskcomment; Type: TABLE DATA; Schema: public; Owner: planner_user
--

COPY public.tasks_taskcomment (id, text, created_at, task_id, user_id) FROM stdin;
\.


--
-- Name: accounts_customuser_groups_id_seq; Type: SEQUENCE SET; Schema: public; Owner: planner_user
--

SELECT pg_catalog.setval('public.accounts_customuser_groups_id_seq', 1, false);


--
-- Name: accounts_customuser_id_seq; Type: SEQUENCE SET; Schema: public; Owner: planner_user
--

SELECT pg_catalog.setval('public.accounts_customuser_id_seq', 15, true);


--
-- Name: accounts_customuser_user_permissions_id_seq; Type: SEQUENCE SET; Schema: public; Owner: planner_user
--

SELECT pg_catalog.setval('public.accounts_customuser_user_permissions_id_seq', 1, false);


--
-- Name: auth_group_id_seq; Type: SEQUENCE SET; Schema: public; Owner: planner_user
--

SELECT pg_catalog.setval('public.auth_group_id_seq', 1, false);


--
-- Name: auth_group_permissions_id_seq; Type: SEQUENCE SET; Schema: public; Owner: planner_user
--

SELECT pg_catalog.setval('public.auth_group_permissions_id_seq', 1, false);


--
-- Name: auth_permission_id_seq; Type: SEQUENCE SET; Schema: public; Owner: planner_user
--

SELECT pg_catalog.setval('public.auth_permission_id_seq', 36, true);


--
-- Name: django_admin_log_id_seq; Type: SEQUENCE SET; Schema: public; Owner: planner_user
--

SELECT pg_catalog.setval('public.django_admin_log_id_seq', 1, false);


--
-- Name: django_content_type_id_seq; Type: SEQUENCE SET; Schema: public; Owner: planner_user
--

SELECT pg_catalog.setval('public.django_content_type_id_seq', 9, true);


--
-- Name: django_migrations_id_seq; Type: SEQUENCE SET; Schema: public; Owner: planner_user
--

SELECT pg_catalog.setval('public.django_migrations_id_seq', 20, true);


--
-- Name: tasks_aianalysislog_id_seq; Type: SEQUENCE SET; Schema: public; Owner: planner_user
--

SELECT pg_catalog.setval('public.tasks_aianalysislog_id_seq', 38, true);


--
-- Name: tasks_taskcomment_id_seq; Type: SEQUENCE SET; Schema: public; Owner: planner_user
--

SELECT pg_catalog.setval('public.tasks_taskcomment_id_seq', 1, false);


--
-- Name: accounts_customuser accounts_customuser_email_key; Type: CONSTRAINT; Schema: public; Owner: planner_user
--

ALTER TABLE ONLY public.accounts_customuser
    ADD CONSTRAINT accounts_customuser_email_key UNIQUE (email);


--
-- Name: accounts_customuser_groups accounts_customuser_groups_customuser_id_group_id_c074bdcb_uniq; Type: CONSTRAINT; Schema: public; Owner: planner_user
--

ALTER TABLE ONLY public.accounts_customuser_groups
    ADD CONSTRAINT accounts_customuser_groups_customuser_id_group_id_c074bdcb_uniq UNIQUE (customuser_id, group_id);


--
-- Name: accounts_customuser_groups accounts_customuser_groups_pkey; Type: CONSTRAINT; Schema: public; Owner: planner_user
--

ALTER TABLE ONLY public.accounts_customuser_groups
    ADD CONSTRAINT accounts_customuser_groups_pkey PRIMARY KEY (id);


--
-- Name: accounts_customuser accounts_customuser_pkey; Type: CONSTRAINT; Schema: public; Owner: planner_user
--

ALTER TABLE ONLY public.accounts_customuser
    ADD CONSTRAINT accounts_customuser_pkey PRIMARY KEY (id);


--
-- Name: accounts_customuser_user_permissions accounts_customuser_user_customuser_id_permission_9632a709_uniq; Type: CONSTRAINT; Schema: public; Owner: planner_user
--

ALTER TABLE ONLY public.accounts_customuser_user_permissions
    ADD CONSTRAINT accounts_customuser_user_customuser_id_permission_9632a709_uniq UNIQUE (customuser_id, permission_id);


--
-- Name: accounts_customuser_user_permissions accounts_customuser_user_permissions_pkey; Type: CONSTRAINT; Schema: public; Owner: planner_user
--

ALTER TABLE ONLY public.accounts_customuser_user_permissions
    ADD CONSTRAINT accounts_customuser_user_permissions_pkey PRIMARY KEY (id);


--
-- Name: accounts_customuser accounts_customuser_username_key; Type: CONSTRAINT; Schema: public; Owner: planner_user
--

ALTER TABLE ONLY public.accounts_customuser
    ADD CONSTRAINT accounts_customuser_username_key UNIQUE (username);


--
-- Name: auth_group auth_group_name_key; Type: CONSTRAINT; Schema: public; Owner: planner_user
--

ALTER TABLE ONLY public.auth_group
    ADD CONSTRAINT auth_group_name_key UNIQUE (name);


--
-- Name: auth_group_permissions auth_group_permissions_group_id_permission_id_0cd325b0_uniq; Type: CONSTRAINT; Schema: public; Owner: planner_user
--

ALTER TABLE ONLY public.auth_group_permissions
    ADD CONSTRAINT auth_group_permissions_group_id_permission_id_0cd325b0_uniq UNIQUE (group_id, permission_id);


--
-- Name: auth_group_permissions auth_group_permissions_pkey; Type: CONSTRAINT; Schema: public; Owner: planner_user
--

ALTER TABLE ONLY public.auth_group_permissions
    ADD CONSTRAINT auth_group_permissions_pkey PRIMARY KEY (id);


--
-- Name: auth_group auth_group_pkey; Type: CONSTRAINT; Schema: public; Owner: planner_user
--

ALTER TABLE ONLY public.auth_group
    ADD CONSTRAINT auth_group_pkey PRIMARY KEY (id);


--
-- Name: auth_permission auth_permission_content_type_id_codename_01ab375a_uniq; Type: CONSTRAINT; Schema: public; Owner: planner_user
--

ALTER TABLE ONLY public.auth_permission
    ADD CONSTRAINT auth_permission_content_type_id_codename_01ab375a_uniq UNIQUE (content_type_id, codename);


--
-- Name: auth_permission auth_permission_pkey; Type: CONSTRAINT; Schema: public; Owner: planner_user
--

ALTER TABLE ONLY public.auth_permission
    ADD CONSTRAINT auth_permission_pkey PRIMARY KEY (id);


--
-- Name: django_admin_log django_admin_log_pkey; Type: CONSTRAINT; Schema: public; Owner: planner_user
--

ALTER TABLE ONLY public.django_admin_log
    ADD CONSTRAINT django_admin_log_pkey PRIMARY KEY (id);


--
-- Name: django_content_type django_content_type_app_label_model_76bd3d3b_uniq; Type: CONSTRAINT; Schema: public; Owner: planner_user
--

ALTER TABLE ONLY public.django_content_type
    ADD CONSTRAINT django_content_type_app_label_model_76bd3d3b_uniq UNIQUE (app_label, model);


--
-- Name: django_content_type django_content_type_pkey; Type: CONSTRAINT; Schema: public; Owner: planner_user
--

ALTER TABLE ONLY public.django_content_type
    ADD CONSTRAINT django_content_type_pkey PRIMARY KEY (id);


--
-- Name: django_migrations django_migrations_pkey; Type: CONSTRAINT; Schema: public; Owner: planner_user
--

ALTER TABLE ONLY public.django_migrations
    ADD CONSTRAINT django_migrations_pkey PRIMARY KEY (id);


--
-- Name: django_session django_session_pkey; Type: CONSTRAINT; Schema: public; Owner: planner_user
--

ALTER TABLE ONLY public.django_session
    ADD CONSTRAINT django_session_pkey PRIMARY KEY (session_key);


--
-- Name: tasks_aianalysislog tasks_aianalysislog_pkey; Type: CONSTRAINT; Schema: public; Owner: planner_user
--

ALTER TABLE ONLY public.tasks_aianalysislog
    ADD CONSTRAINT tasks_aianalysislog_pkey PRIMARY KEY (id);


--
-- Name: tasks_task tasks_task_pkey; Type: CONSTRAINT; Schema: public; Owner: planner_user
--

ALTER TABLE ONLY public.tasks_task
    ADD CONSTRAINT tasks_task_pkey PRIMARY KEY (id);


--
-- Name: tasks_taskcomment tasks_taskcomment_pkey; Type: CONSTRAINT; Schema: public; Owner: planner_user
--

ALTER TABLE ONLY public.tasks_taskcomment
    ADD CONSTRAINT tasks_taskcomment_pkey PRIMARY KEY (id);


--
-- Name: accounts_customuser_email_4fd8e7ce_like; Type: INDEX; Schema: public; Owner: planner_user
--

CREATE INDEX accounts_customuser_email_4fd8e7ce_like ON public.accounts_customuser USING btree (email varchar_pattern_ops);


--
-- Name: accounts_customuser_groups_customuser_id_bc55088e; Type: INDEX; Schema: public; Owner: planner_user
--

CREATE INDEX accounts_customuser_groups_customuser_id_bc55088e ON public.accounts_customuser_groups USING btree (customuser_id);


--
-- Name: accounts_customuser_groups_group_id_86ba5f9e; Type: INDEX; Schema: public; Owner: planner_user
--

CREATE INDEX accounts_customuser_groups_group_id_86ba5f9e ON public.accounts_customuser_groups USING btree (group_id);


--
-- Name: accounts_customuser_user_permissions_customuser_id_0deaefae; Type: INDEX; Schema: public; Owner: planner_user
--

CREATE INDEX accounts_customuser_user_permissions_customuser_id_0deaefae ON public.accounts_customuser_user_permissions USING btree (customuser_id);


--
-- Name: accounts_customuser_user_permissions_permission_id_aea3d0e5; Type: INDEX; Schema: public; Owner: planner_user
--

CREATE INDEX accounts_customuser_user_permissions_permission_id_aea3d0e5 ON public.accounts_customuser_user_permissions USING btree (permission_id);


--
-- Name: accounts_customuser_username_722f3555_like; Type: INDEX; Schema: public; Owner: planner_user
--

CREATE INDEX accounts_customuser_username_722f3555_like ON public.accounts_customuser USING btree (username varchar_pattern_ops);


--
-- Name: auth_group_name_a6ea08ec_like; Type: INDEX; Schema: public; Owner: planner_user
--

CREATE INDEX auth_group_name_a6ea08ec_like ON public.auth_group USING btree (name varchar_pattern_ops);


--
-- Name: auth_group_permissions_group_id_b120cbf9; Type: INDEX; Schema: public; Owner: planner_user
--

CREATE INDEX auth_group_permissions_group_id_b120cbf9 ON public.auth_group_permissions USING btree (group_id);


--
-- Name: auth_group_permissions_permission_id_84c5c92e; Type: INDEX; Schema: public; Owner: planner_user
--

CREATE INDEX auth_group_permissions_permission_id_84c5c92e ON public.auth_group_permissions USING btree (permission_id);


--
-- Name: auth_permission_content_type_id_2f476e4b; Type: INDEX; Schema: public; Owner: planner_user
--

CREATE INDEX auth_permission_content_type_id_2f476e4b ON public.auth_permission USING btree (content_type_id);


--
-- Name: django_admin_log_content_type_id_c4bce8eb; Type: INDEX; Schema: public; Owner: planner_user
--

CREATE INDEX django_admin_log_content_type_id_c4bce8eb ON public.django_admin_log USING btree (content_type_id);


--
-- Name: django_admin_log_user_id_c564eba6; Type: INDEX; Schema: public; Owner: planner_user
--

CREATE INDEX django_admin_log_user_id_c564eba6 ON public.django_admin_log USING btree (user_id);


--
-- Name: django_session_expire_date_a5c62663; Type: INDEX; Schema: public; Owner: planner_user
--

CREATE INDEX django_session_expire_date_a5c62663 ON public.django_session USING btree (expire_date);


--
-- Name: django_session_session_key_c0390e0f_like; Type: INDEX; Schema: public; Owner: planner_user
--

CREATE INDEX django_session_session_key_c0390e0f_like ON public.django_session USING btree (session_key varchar_pattern_ops);


--
-- Name: tasks_aianalysislog_task_id_6be22607; Type: INDEX; Schema: public; Owner: planner_user
--

CREATE INDEX tasks_aianalysislog_task_id_6be22607 ON public.tasks_aianalysislog USING btree (task_id);


--
-- Name: tasks_task_due_dat_bce847_idx; Type: INDEX; Schema: public; Owner: planner_user
--

CREATE INDEX tasks_task_due_dat_bce847_idx ON public.tasks_task USING btree (due_date);


--
-- Name: tasks_task_user_id_13ec9e_idx; Type: INDEX; Schema: public; Owner: planner_user
--

CREATE INDEX tasks_task_user_id_13ec9e_idx ON public.tasks_task USING btree (user_id, priority);


--
-- Name: tasks_task_user_id_c0fce1_idx; Type: INDEX; Schema: public; Owner: planner_user
--

CREATE INDEX tasks_task_user_id_c0fce1_idx ON public.tasks_task USING btree (user_id, status);


--
-- Name: tasks_task_user_id_f0e531b0; Type: INDEX; Schema: public; Owner: planner_user
--

CREATE INDEX tasks_task_user_id_f0e531b0 ON public.tasks_task USING btree (user_id);


--
-- Name: tasks_taskcomment_task_id_36403ad8; Type: INDEX; Schema: public; Owner: planner_user
--

CREATE INDEX tasks_taskcomment_task_id_36403ad8 ON public.tasks_taskcomment USING btree (task_id);


--
-- Name: tasks_taskcomment_user_id_8cc0fe19; Type: INDEX; Schema: public; Owner: planner_user
--

CREATE INDEX tasks_taskcomment_user_id_8cc0fe19 ON public.tasks_taskcomment USING btree (user_id);


--
-- Name: accounts_customuser_user_permissions accounts_customuser__customuser_id_0deaefae_fk_accounts_; Type: FK CONSTRAINT; Schema: public; Owner: planner_user
--

ALTER TABLE ONLY public.accounts_customuser_user_permissions
    ADD CONSTRAINT accounts_customuser__customuser_id_0deaefae_fk_accounts_ FOREIGN KEY (customuser_id) REFERENCES public.accounts_customuser(id) DEFERRABLE INITIALLY DEFERRED;


--
-- Name: accounts_customuser_groups accounts_customuser__customuser_id_bc55088e_fk_accounts_; Type: FK CONSTRAINT; Schema: public; Owner: planner_user
--

ALTER TABLE ONLY public.accounts_customuser_groups
    ADD CONSTRAINT accounts_customuser__customuser_id_bc55088e_fk_accounts_ FOREIGN KEY (customuser_id) REFERENCES public.accounts_customuser(id) DEFERRABLE INITIALLY DEFERRED;


--
-- Name: accounts_customuser_user_permissions accounts_customuser__permission_id_aea3d0e5_fk_auth_perm; Type: FK CONSTRAINT; Schema: public; Owner: planner_user
--

ALTER TABLE ONLY public.accounts_customuser_user_permissions
    ADD CONSTRAINT accounts_customuser__permission_id_aea3d0e5_fk_auth_perm FOREIGN KEY (permission_id) REFERENCES public.auth_permission(id) DEFERRABLE INITIALLY DEFERRED;


--
-- Name: accounts_customuser_groups accounts_customuser_groups_group_id_86ba5f9e_fk_auth_group_id; Type: FK CONSTRAINT; Schema: public; Owner: planner_user
--

ALTER TABLE ONLY public.accounts_customuser_groups
    ADD CONSTRAINT accounts_customuser_groups_group_id_86ba5f9e_fk_auth_group_id FOREIGN KEY (group_id) REFERENCES public.auth_group(id) DEFERRABLE INITIALLY DEFERRED;


--
-- Name: auth_group_permissions auth_group_permissio_permission_id_84c5c92e_fk_auth_perm; Type: FK CONSTRAINT; Schema: public; Owner: planner_user
--

ALTER TABLE ONLY public.auth_group_permissions
    ADD CONSTRAINT auth_group_permissio_permission_id_84c5c92e_fk_auth_perm FOREIGN KEY (permission_id) REFERENCES public.auth_permission(id) DEFERRABLE INITIALLY DEFERRED;


--
-- Name: auth_group_permissions auth_group_permissions_group_id_b120cbf9_fk_auth_group_id; Type: FK CONSTRAINT; Schema: public; Owner: planner_user
--

ALTER TABLE ONLY public.auth_group_permissions
    ADD CONSTRAINT auth_group_permissions_group_id_b120cbf9_fk_auth_group_id FOREIGN KEY (group_id) REFERENCES public.auth_group(id) DEFERRABLE INITIALLY DEFERRED;


--
-- Name: auth_permission auth_permission_content_type_id_2f476e4b_fk_django_co; Type: FK CONSTRAINT; Schema: public; Owner: planner_user
--

ALTER TABLE ONLY public.auth_permission
    ADD CONSTRAINT auth_permission_content_type_id_2f476e4b_fk_django_co FOREIGN KEY (content_type_id) REFERENCES public.django_content_type(id) DEFERRABLE INITIALLY DEFERRED;


--
-- Name: django_admin_log django_admin_log_content_type_id_c4bce8eb_fk_django_co; Type: FK CONSTRAINT; Schema: public; Owner: planner_user
--

ALTER TABLE ONLY public.django_admin_log
    ADD CONSTRAINT django_admin_log_content_type_id_c4bce8eb_fk_django_co FOREIGN KEY (content_type_id) REFERENCES public.django_content_type(id) DEFERRABLE INITIALLY DEFERRED;


--
-- Name: django_admin_log django_admin_log_user_id_c564eba6_fk_accounts_customuser_id; Type: FK CONSTRAINT; Schema: public; Owner: planner_user
--

ALTER TABLE ONLY public.django_admin_log
    ADD CONSTRAINT django_admin_log_user_id_c564eba6_fk_accounts_customuser_id FOREIGN KEY (user_id) REFERENCES public.accounts_customuser(id) DEFERRABLE INITIALLY DEFERRED;


--
-- Name: tasks_aianalysislog tasks_aianalysislog_task_id_6be22607_fk_tasks_task_id; Type: FK CONSTRAINT; Schema: public; Owner: planner_user
--

ALTER TABLE ONLY public.tasks_aianalysislog
    ADD CONSTRAINT tasks_aianalysislog_task_id_6be22607_fk_tasks_task_id FOREIGN KEY (task_id) REFERENCES public.tasks_task(id) DEFERRABLE INITIALLY DEFERRED;


--
-- Name: tasks_task tasks_task_user_id_f0e531b0_fk_accounts_customuser_id; Type: FK CONSTRAINT; Schema: public; Owner: planner_user
--

ALTER TABLE ONLY public.tasks_task
    ADD CONSTRAINT tasks_task_user_id_f0e531b0_fk_accounts_customuser_id FOREIGN KEY (user_id) REFERENCES public.accounts_customuser(id) DEFERRABLE INITIALLY DEFERRED;


--
-- Name: tasks_taskcomment tasks_taskcomment_task_id_36403ad8_fk_tasks_task_id; Type: FK CONSTRAINT; Schema: public; Owner: planner_user
--

ALTER TABLE ONLY public.tasks_taskcomment
    ADD CONSTRAINT tasks_taskcomment_task_id_36403ad8_fk_tasks_task_id FOREIGN KEY (task_id) REFERENCES public.tasks_task(id) DEFERRABLE INITIALLY DEFERRED;


--
-- Name: tasks_taskcomment tasks_taskcomment_user_id_8cc0fe19_fk_accounts_customuser_id; Type: FK CONSTRAINT; Schema: public; Owner: planner_user
--

ALTER TABLE ONLY public.tasks_taskcomment
    ADD CONSTRAINT tasks_taskcomment_user_id_8cc0fe19_fk_accounts_customuser_id FOREIGN KEY (user_id) REFERENCES public.accounts_customuser(id) DEFERRABLE INITIALLY DEFERRED;


--
-- Name: SCHEMA public; Type: ACL; Schema: -; Owner: pg_database_owner
--

GRANT ALL ON SCHEMA public TO planner_user;


--
-- PostgreSQL database dump complete
--

\unrestrict ITZi0eaL4EJg2mRlJAD1RrKW5Mvv10nlrkSNgFU9EvDgYHmCRSXr7i6sKGsiGET

